Unnamed: 0,Collection,Title,MP3_URL
0,第 一 輯,萬法為心所現,/proxy/namo_mp3/yuan_series/vol01/vol01_talk01.mp3
1,第 一 輯,學習新事物並無分年齡限制,/proxy/namo_mp3/yuan_series/vol01/vol01_talk02.mp3
2,第 一 輯,接觸大自然,/proxy/namo_mp3/yuan_series/vol01/vol01_talk03.mp3
3,第 一 輯,色即是空，空即是色,/proxy/namo_mp3/yuan_series/vol01/vol01_talk04.mp3
4,第 一 輯,維摩一默，聲如淵雷,/proxy/namo_mp3/yuan_series/vol01/vol01_talk05.mp3
5,第 一 輯,學佛求智慧,/proxy/namo_mp3/yuan_series/vol01/vol01_talk06.mp3
6,第 一 輯,心是根，法是塵,/proxy/namo_mp3/yuan_series/vol01/vol01_talk07.mp3
7,第 一 輯,白雲與我最相知,/proxy/namo_mp3/yuan_series/vol01/vol01_talk08.mp3
8,第 一 輯,放下屠刀，立地成佛,/proxy/namo_mp3/yuan_series/vol01/vol01_talk09.mp3
9,第 一 輯,我是誰,/proxy/namo_mp3/yuan_series/vol01/vol01_talk10.mp3
10,第 一 輯,親身體驗禪,/proxy/namo_mp3/yuan_series/vol01/vol01_talk11.mp3
11,第 一 輯,唐三藏,/proxy/namo_mp3/yuan_series/vol01/vol01_talk12.mp3
12,第 一 輯,溪聲便是廣長舌,/proxy/namo_mp3/yuan_series/vol01/vol01_talk13.mp3
13,第 一 輯,照見五蘊皆空,/proxy/namo_mp3/yuan_series/vol01/vol01_talk14.mp3
14,第 一 輯,吾心似秋月,/proxy/namo_mp3/yuan_series/vol01/vol01_talk15.mp3
15,第 二 輯,蓮花色,/proxy/namo_mp3/yuan_series/vol02/vol02_talk01.mp3
16,第 二 輯,春有百花秋有月,/proxy/namo_mp3/yuan_series/vol02/vol02_talk02.mp3
17,第 二 輯,六波羅蜜,/proxy/namo_mp3/yuan_series/vol02/vol02_talk03.mp3
18,第 二 輯,安世高法師,/proxy/namo_mp3/yuan_series/vol02/vol02_talk04.mp3
19,第 二 輯,第一位比丘尼,/proxy/namo_mp3/yuan_series/vol02/vol02_talk05.mp3
20,第 二 輯,不必恕春風,/proxy/namo_mp3/yuan_series/vol02/vol02_talk06.mp3
21,第 二 輯,因果報應 (唐紹 李林甫),/proxy/namo_mp3/yuan_series/vol02/vol02_talk07.mp3
22,第 二 輯,伽藍菩薩 (關帝),/proxy/namo_mp3/yuan_series/vol02/vol02_talk08.mp3
23,第 二 輯,香積國,/proxy/namo_mp3/yuan_series/vol02/vol02_talk09.mp3
24,第 二 輯,佛的簡略解釋,/proxy/namo_mp3/yuan_series/vol02/vol02_talk10.mp3
25,第 二 輯,一路通時路路通,/proxy/namo_mp3/yuan_series/vol02/vol02_talk11.mp3
26,第 二 輯,黃鐵匠往生西方,/proxy/namo_mp3/yuan_series/vol02/vol02_talk12.mp3
27,第 二 輯,雲在青天水在瓶,/proxy/namo_mp3/yuan_series/vol02/vol02_talk13.mp3
28,第 二 輯,三千大千世界,/proxy/namo_mp3/yuan_series/vol02/vol02_talk14.mp3
29,第 二 輯,平常心是道,/proxy/namo_mp3/yuan_series/vol02/vol02_talk15.mp3
30,第 三 輯,瓊花一夜滿空山,/proxy/namo_mp3/yuan_series/vol03/vol03_talk01.mp3
31,第 三 輯,鳥窠禪師,/proxy/namo_mp3/yuan_series/vol03/vol03_talk02.mp3
32,第 三 輯,因果報應 -- 含輝和尚,/proxy/namo_mp3/yuan_series/vol03/vol03_talk03.mp3
33,第 三 輯,一宿覺,/proxy/namo_mp3/yuan_series/vol03/vol03_talk04.mp3
34,第 三 輯,因果報應 -- 秦朝白起將軍,/proxy/namo_mp3/yuan_series/vol03/vol03_talk05.mp3
35,第 三 輯,佛法即非佛法，是名佛法,/proxy/namo_mp3/yuan_series/vol03/vol03_talk06.mp3
36,第 三 輯,因果報應 -- 王麻子二十六刀,/proxy/namo_mp3/yuan_series/vol03/vol03_talk07.mp3
37,第 三 輯,春深雨過落花飛,/proxy/namo_mp3/yuan_series/vol03/vol03_talk08.mp3
38,第 三 輯,何為菩薩,/proxy/namo_mp3/yuan_series/vol03/vol03_talk09.mp3
39,第 三 輯,因果報應 -- 竇燕山,/proxy/namo_mp3/yuan_series/vol03/vol03_talk10.mp3
40,第 三 輯,怎得梅花撲鼻香,/proxy/namo_mp3/yuan_series/vol03/vol03_talk11.mp3
41,第 三 輯,為何人有不如意事,/proxy/namo_mp3/yuan_series/vol03/vol03_talk12.mp3
42,第 三 輯,因果報應 -- 大悲咒功德,/proxy/namo_mp3/yuan_series/vol03/vol03_talk13.mp3
43,第 三 輯,布袋和尚契此,/proxy/namo_mp3/yuan_series/vol03/vol03_talk14.mp3
44,第 三 輯,四聖諦,/proxy/namo_mp3/yuan_series/vol03/vol03_talk15.mp3
45,第 四 輯,本來無一物，何處惹塵埃,/proxy/namo_mp3/yuan_series/vol04/vol04_talk01.mp3
46,第 四 輯,莫存順逆,/proxy/namo_mp3/yuan_series/vol04/vol04_talk02.mp3
47,第 四 輯,律宗,/proxy/namo_mp3/yuan_series/vol04/vol04_talk03.mp3
48,第 四 輯,水流原入海，月落不離天,/proxy/namo_mp3/yuan_series/vol04/vol04_talk04.mp3
49,第 四 輯,華嚴宗,/proxy/namo_mp3/yuan_series/vol04/vol04_talk05.mp3
50,第 四 輯,宋˙張方平前生,/proxy/namo_mp3/yuan_series/vol04/vol04_talk06.mp3
51,第 四 輯,唐˙王維詩：《終南別業》,/proxy/namo_mp3/yuan_series/vol04/vol04_talk07.mp3
52,第 四 輯,宋˙王陽明前生,/proxy/namo_mp3/yuan_series/vol04/vol04_talk08.mp3
53,第 四 輯,中陰身(一),/proxy/namo_mp3/yuan_series/vol04/vol04_talk09.mp3
54,第 四 輯,中陰身(二),/proxy/namo_mp3/yuan_series/vol04/vol04_talk10.mp3
55,第 四 輯,一任清風送白雲,/proxy/namo_mp3/yuan_series/vol04/vol04_talk11.mp3
56,第 四 輯,禪的意義,/proxy/namo_mp3/yuan_series/vol04/vol04_talk12.mp3
57,第 四 輯,靜坐觀心,/proxy/namo_mp3/yuan_series/vol04/vol04_talk13.mp3
58,第 四 輯,文天祥浩然正氣,/proxy/namo_mp3/yuan_series/vol04/vol04_talk14.mp3
59,第 四 輯,一片冰心在玉壺,/proxy/namo_mp3/yuan_series/vol04/vol04_talk15.mp3
60,第 五 輯,蘇軾題「西林壁」,/proxy/namo_mp3/yuan_series/vol05/vol05_talk01.mp3
61,第 五 輯,張繼「橋風夜泊」,/proxy/namo_mp3/yuan_series/vol05/vol05_talk02.mp3
62,第 五 輯,因果律,/proxy/namo_mp3/yuan_series/vol05/vol05_talk03.mp3
63,第 五 輯,昨夜雲從風雨去,/proxy/namo_mp3/yuan_series/vol05/vol05_talk04.mp3
64,第 五 輯,五戒,/proxy/namo_mp3/yuan_series/vol05/vol05_talk05.mp3
65,第 五 輯,何先生捨己為人,/proxy/namo_mp3/yuan_series/vol05/vol05_talk06.mp3
66,第 五 輯,唐寒山子詩《共坐白雲中》,/proxy/namo_mp3/yuan_series/vol05/vol05_talk07.mp3
67,第 五 輯,般若波羅蜜多,/proxy/namo_mp3/yuan_series/vol05/vol05_talk08.mp3
68,第 五 輯,淺談經律論三藏,/proxy/namo_mp3/yuan_series/vol05/vol05_talk09.mp3
69,第 五 輯,范仲淹先天下之憂而憂,/proxy/namo_mp3/yuan_series/vol05/vol05_talk10.mp3
70,第 五 輯,萬事無如退步人,/proxy/namo_mp3/yuan_series/vol05/vol05_talk11.mp3
71,第 五 輯,賈島《尋忍者不遇》,/proxy/namo_mp3/yuan_series/vol05/vol05_talk12.mp3
72,第 五 輯,斐度積福變相,/proxy/namo_mp3/yuan_series/vol05/vol05_talk13.mp3
73,第 五 輯,三頭未了便來勾,/proxy/namo_mp3/yuan_series/vol05/vol05_talk14.mp3
74,第 五 輯,雪泥鴻爪,/proxy/namo_mp3/yuan_series/vol05/vol05_talk15.mp3
75,第 六 輯,三界六道(一),/proxy/namo_mp3/yuan_series/vol06/vol06_talk01.mp3
76,第 六 輯,三界六道(二),/proxy/namo_mp3/yuan_series/vol06/vol06_talk02.mp3
77,第 六 輯,三界六道(三),/proxy/namo_mp3/yuan_series/vol06/vol06_talk03.mp3
78,第 六 輯,三界六道(四),/proxy/namo_mp3/yuan_series/vol06/vol06_talk04.mp3
79,第 六 輯,三界六道(五),/proxy/namo_mp3/yuan_series/vol06/vol06_talk05.mp3
80,第 六 輯,三界六道(六),/proxy/namo_mp3/yuan_series/vol06/vol06_talk06.mp3
81,第 六 輯,三界六道(七),/proxy/namo_mp3/yuan_series/vol06/vol06_talk07.mp3
82,第 六 輯,三界六道(八),/proxy/namo_mp3/yuan_series/vol06/vol06_talk08.mp3
83,第 六 輯,三界六道(九),/proxy/namo_mp3/yuan_series/vol06/vol06_talk09.mp3
84,第 六 輯,三界六道(十),/proxy/namo_mp3/yuan_series/vol06/vol06_talk10.mp3
85,第 六 輯,幾樹寒梅帶雪紅,/proxy/namo_mp3/yuan_series/vol06/vol06_talk11.mp3
86,第 六 輯,心經最後咒語釋義,/proxy/namo_mp3/yuan_series/vol06/vol06_talk12.mp3
87,第 六 輯,吹面不寒楊柳風,/proxy/namo_mp3/yuan_series/vol06/vol06_talk13.mp3
88,第 六 輯,百年鑽窗紙，何日出頭時,/proxy/namo_mp3/yuan_series/vol06/vol06_talk14.mp3
89,第 六 輯,王安石禪詩,/proxy/namo_mp3/yuan_series/vol06/vol06_talk15.mp3
90,第 七 輯,三字大明咒,/proxy/namo_mp3/yuan_series/vol07/vol07_talk01.mp3
91,第 七 輯,呂洞賓皈依黃龍禪師,/proxy/namo_mp3/yuan_series/vol07/vol07_talk02.mp3
92,第 七 輯,慈悲梁皇寶懺,/proxy/namo_mp3/yuan_series/vol07/vol07_talk03.mp3
93,第 七 輯,唐․白居易,/proxy/namo_mp3/yuan_series/vol07/vol07_talk04.mp3
94,第 七 輯,佛法文獻是人類文明寶藏,/proxy/namo_mp3/yuan_series/vol07/vol07_talk05.mp3
95,第 七 輯,舍利子,/proxy/namo_mp3/yuan_series/vol07/vol07_talk06.mp3
96,第 七 輯,大乘佛法八宗,/proxy/namo_mp3/yuan_series/vol07/vol07_talk07.mp3
97,第 七 輯,三論宗,/proxy/namo_mp3/yuan_series/vol07/vol07_talk08.mp3
98,第 七 輯,法相宗,/proxy/namo_mp3/yuan_series/vol07/vol07_talk09.mp3
99,第 七 輯,天台宗,/proxy/namo_mp3/yuan_series/vol07/vol07_talk10.mp3
100,第 七 輯,華嚴宗,/proxy/namo_mp3/yuan_series/vol07/vol07_talk11.mp3
101,第 七 輯,密宗,/proxy/namo_mp3/yuan_series/vol07/vol07_talk12.mp3
102,第 七 輯,律宗,/proxy/namo_mp3/yuan_series/vol07/vol07_talk13.mp3
103,第 七 輯,禪宗,/proxy/namo_mp3/yuan_series/vol07/vol07_talk14.mp3
104,第 七 輯,淨宗,/proxy/namo_mp3/yuan_series/vol07/vol07_talk15.mp3
105,第 八 輯,寡婦開悟,/proxy/namo_mp3/yuan_series/vol08/vol08_talk01.mp3
106,第 八 輯,桃花依舊笑春風,/proxy/namo_mp3/yuan_series/vol08/vol08_talk02.mp3
107,第 八 輯,唐․《常建題破山寺後禪院》,/proxy/namo_mp3/yuan_series/vol08/vol08_talk03.mp3
108,第 八 輯,宋․黃庭堅詩《清平樂》,/proxy/namo_mp3/yuan_series/vol08/vol08_talk04.mp3
109,第 八 輯,寒山子,/proxy/namo_mp3/yuan_series/vol08/vol08_talk05.mp3
110,第 八 輯,禪門公案,/proxy/namo_mp3/yuan_series/vol08/vol08_talk06.mp3
111,第 八 輯,參話頭,/proxy/namo_mp3/yuan_series/vol08/vol08_talk07.mp3
112,第 八 輯,野狐禪,/proxy/namo_mp3/yuan_series/vol08/vol08_talk08.mp3
113,第 八 輯,當頭棒喝,/proxy/namo_mp3/yuan_series/vol08/vol08_talk09.mp3
114,第 八 輯,中國第一位僧人：朱士行,/proxy/namo_mp3/yuan_series/vol08/vol08_talk10.mp3
115,第 八 輯,佛的三身,/proxy/namo_mp3/yuan_series/vol08/vol08_talk11.mp3
116,第 八 輯,人面瘡,/proxy/namo_mp3/yuan_series/vol08/vol08_talk12.mp3
117,第 八 輯,六妙門,/proxy/namo_mp3/yuan_series/vol08/vol08_talk13.mp3
118,第 八 輯,念佛生西實錄,/proxy/namo_mp3/yuan_series/vol08/vol08_talk14.mp3
119,第 八 輯,懺悔,/proxy/namo_mp3/yuan_series/vol08/vol08_talk15.mp3
120,第 九 輯,死後報信,/proxy/namo_mp3/yuan_series/vol09/vol09_talk01.mp3
121,第 九 輯,再談阿修羅,/proxy/namo_mp3/yuan_series/vol09/vol09_talk02.mp3
122,第 九 輯,唐․孟浩然《春曉》,/proxy/namo_mp3/yuan_series/vol09/vol09_talk03.mp3
123,第 九 輯,厲鬼報仇,/proxy/namo_mp3/yuan_series/vol09/vol09_talk04.mp3
124,第 九 輯,八不中道,/proxy/namo_mp3/yuan_series/vol09/vol09_talk05.mp3
125,第 九 輯,佛教是哲學(一),/proxy/namo_mp3/yuan_series/vol09/vol09_talk06.mp3
126,第 九 輯,佛教是哲學(二),/proxy/namo_mp3/yuan_series/vol09/vol09_talk07.mp3
127,第 九 輯,淺談人生目的(一),/proxy/namo_mp3/yuan_series/vol09/vol09_talk08.mp3
128,第 九 輯,淺談人生目的(二),/proxy/namo_mp3/yuan_series/vol09/vol09_talk09.mp3
129,第 九 輯,淺談人生目的(三),/proxy/namo_mp3/yuan_series/vol09/vol09_talk10.mp3
130,第 九 輯,觀音菩薩感應事蹟,/proxy/namo_mp3/yuan_series/vol09/vol09_talk11.mp3
131,第 九 輯,四緣,/proxy/namo_mp3/yuan_series/vol09/vol09_talk12.mp3
132,第 九 輯,唐․賈島《送僧》,/proxy/namo_mp3/yuan_series/vol09/vol09_talk13.mp3
133,第 九 輯,八關齋戒,/proxy/namo_mp3/yuan_series/vol09/vol09_talk14.mp3
134,第 九 輯,僧人每日修持生活大概,/proxy/namo_mp3/yuan_series/vol09/vol09_talk15.mp3
135,第 十 輯,談鬼(一),/proxy/namo_mp3/yuan_series/vol10/vol10_talk01.mp3
136,第 十 輯,談鬼(二),/proxy/namo_mp3/yuan_series/vol10/vol10_talk02.mp3
137,第 十 輯,談鬼(三),/proxy/namo_mp3/yuan_series/vol10/vol10_talk03.mp3
138,第 十 輯,孫中山先生《普陀志奇》,/proxy/namo_mp3/yuan_series/vol10/vol10_talk04.mp3
139,第 十 輯,禪定,/proxy/namo_mp3/yuan_series/vol10/vol10_talk05.mp3
140,第 十 輯,虛雲和尚的詩,/proxy/namo_mp3/yuan_series/vol10/vol10_talk06.mp3
141,第 十 輯,因果感應救養孤兒,/proxy/namo_mp3/yuan_series/vol10/vol10_talk07.mp3
142,第 十 輯,四禪八定 (一),/proxy/namo_mp3/yuan_series/vol10/vol10_talk08.mp3
143,第 十 輯,四禪八定 (二),/proxy/namo_mp3/yuan_series/vol10/vol10_talk09.mp3
144,第 十 輯,四禪八定 (三),/proxy/namo_mp3/yuan_series/vol10/vol10_talk10.mp3
145,第 十 輯,青原惟信禪師悟道詩,/proxy/namo_mp3/yuan_series/vol10/vol10_talk11.mp3
146,第 十 輯,唐․良義禪師詩,/proxy/namo_mp3/yuan_series/vol10/vol10_talk12.mp3
147,第 十 輯,三學,/proxy/namo_mp3/yuan_series/vol10/vol10_talk13.mp3
148,第 十 輯,秋的感受唯識無境,/proxy/namo_mp3/yuan_series/vol10/vol10_talk14.mp3
149,第 十 輯,唐․蔣捷詩《虞美人聽雨》,/proxy/namo_mp3/yuan_series/vol10/vol10_talk15.mp3
150,第 十 一 輯,林同學鬼上身念經脫難,/proxy/namo_mp3/yuan_series/vol11/vol11_talk01.mp3
151,第 十 一 輯,放焰口,/proxy/namo_mp3/yuan_series/vol11/vol11_talk02.mp3
152,第 十 一 輯,六度波羅蜜,/proxy/namo_mp3/yuan_series/vol11/vol11_talk03.mp3
153,第 十 一 輯,業力,/proxy/namo_mp3/yuan_series/vol11/vol11_talk04.mp3
154,第 十 一 輯,十二因緣流轉門,/proxy/namo_mp3/yuan_series/vol11/vol11_talk05.mp3
155,第 十 一 輯,念阿彌陀佛(一),/proxy/namo_mp3/yuan_series/vol11/vol11_talk06.mp3
156,第 十 一 輯,念阿彌陀佛(二),/proxy/namo_mp3/yuan_series/vol11/vol11_talk07.mp3
157,第 十 一 輯,不二法門,/proxy/namo_mp3/yuan_series/vol11/vol11_talk08.mp3
158,第 十 一 輯,佛門事理,/proxy/namo_mp3/yuan_series/vol11/vol11_talk09.mp3
159,第 十 一 輯,十八界,/proxy/namo_mp3/yuan_series/vol11/vol11_talk10.mp3
160,第 十 一 輯,放下屠刀,/proxy/namo_mp3/yuan_series/vol11/vol11_talk11.mp3
161,第 十 一 輯,王文簡祖先陰德,/proxy/namo_mp3/yuan_series/vol11/vol11_talk12.mp3
162,第 十 一 輯,禪師與白雲,/proxy/namo_mp3/yuan_series/vol11/vol11_talk13.mp3
163,第 十 一 輯,營長好色遭惡報,/proxy/namo_mp3/yuan_series/vol11/vol11_talk14.mp3
164,第 十 一 輯,禪淨相修,/proxy/namo_mp3/yuan_series/vol11/vol11_talk15.mp3
165,第 十 二 輯,靜坐 (一),/proxy/namo_mp3/yuan_series/vol12/vol12_talk01.mp3
166,第 十 二 輯,靜坐 (二),/proxy/namo_mp3/yuan_series/vol12/vol12_talk02.mp3
167,第 十 二 輯,倓虛大師青年時死而復生記,/proxy/namo_mp3/yuan_series/vol12/vol12_talk03.mp3
168,第 十 二 輯,明․無明慧經禪師臨終偈,/proxy/namo_mp3/yuan_series/vol12/vol12_talk04.mp3
169,第 十 二 輯,馬祖道一心法,/proxy/namo_mp3/yuan_series/vol12/vol12_talk05.mp3
170,第 十 二 輯,禪門公案「龍潭滅燭」,/proxy/namo_mp3/yuan_series/vol12/vol12_talk06.mp3
171,第 十 二 輯,扶乩,/proxy/namo_mp3/yuan_series/vol12/vol12_talk07.mp3
172,第 十 二 輯,唐․張若虛詩「春江花月夜」,/proxy/namo_mp3/yuan_series/vol12/vol12_talk08.mp3
173,第 十 二 輯,海倫奇勒,/proxy/namo_mp3/yuan_series/vol12/vol12_talk09.mp3
174,第 十 二 輯,生命無始無終,/proxy/namo_mp3/yuan_series/vol12/vol12_talk10.mp3
175,第 十 二 輯,那先比丘答彌蘭陀王,/proxy/namo_mp3/yuan_series/vol12/vol12_talk11.mp3
176,第 十 二 輯,三法印,/proxy/namo_mp3/yuan_series/vol12/vol12_talk12.mp3
177,第 十 二 輯,宋․靈澈禪師「答學僧」,/proxy/namo_mp3/yuan_series/vol12/vol12_talk13.mp3
178,第 十 二 輯,我是誰 (一),/proxy/namo_mp3/yuan_series/vol12/vol12_talk14.mp3
179,第 十 二 輯,我是誰 (二),/proxy/namo_mp3/yuan_series/vol12/vol12_talk15.mp3
180,第 十 三 輯,龐蘊「一口飲盡西江水」公案,/proxy/namo_mp3/yuan_series/vol13/vol13_talk01.mp3
181,第 十 三 輯,龐蘊「好雪片片，不落別處」公案,/proxy/namo_mp3/yuan_series/vol13/vol13_talk02.mp3
182,第 十 三 輯,禪以無念為宗,/proxy/namo_mp3/yuan_series/vol13/vol13_talk03.mp3
183,第 十 三 輯,唐․大珠慧海,/proxy/namo_mp3/yuan_series/vol13/vol13_talk04.mp3
184,第 十 三 輯,唐․皎然禪師詩《山月行》,/proxy/namo_mp3/yuan_series/vol13/vol13_talk05.mp3
185,第 十 三 輯,坐香,/proxy/namo_mp3/yuan_series/vol13/vol13_talk06.mp3
186,第 十 三 輯,唐․冷然禪師詩《宿力華山化寺》,/proxy/namo_mp3/yuan_series/vol13/vol13_talk07.mp3
187,第 十 三 輯,業感緣起,/proxy/namo_mp3/yuan_series/vol13/vol13_talk08.mp3
188,第 十 三 輯,賴耶緣起,/proxy/namo_mp3/yuan_series/vol13/vol13_talk09.mp3
189,第 十 三 輯,法界緣起,/proxy/namo_mp3/yuan_series/vol13/vol13_talk10.mp3
190,第 十 三 輯,禪與大自然,/proxy/namo_mp3/yuan_series/vol13/vol13_talk11.mp3
191,第 十 三 輯,《地藏菩薩本願經》光目女感應事蹟,/proxy/namo_mp3/yuan_series/vol13/vol13_talk12.mp3
192,第 十 三 輯,山林與禪師,/proxy/namo_mp3/yuan_series/vol13/vol13_talk13.mp3
193,第 十 三 輯,《地藏菩薩本願經》閻浮眾生業感品第四,/proxy/namo_mp3/yuan_series/vol13/vol13_talk14.mp3
194,第 十 三 輯,元․中峰明本山居詩,/proxy/namo_mp3/yuan_series/vol13/vol13_talk15.mp3
195,第 十 四 輯,建寺功德,/proxy/namo_mp3/yuan_series/vol14/vol14_talk01.mp3
196,第 十 四 輯,怨親會苦,/proxy/namo_mp3/yuan_series/vol14/vol14_talk02.mp3
197,第 十 四 輯,「香嚴擊竹」公案,/proxy/namo_mp3/yuan_series/vol14/vol14_talk03.mp3
198,第 十 四 輯,禪與止觀,/proxy/namo_mp3/yuan_series/vol14/vol14_talk04.mp3
199,第 十 四 輯,洞山良价開悟詩偈,/proxy/namo_mp3/yuan_series/vol14/vol14_talk05.mp3
200,第 十 四 輯,阿羅漢的意義,/proxy/namo_mp3/yuan_series/vol14/vol14_talk06.mp3
201,第 十 四 輯,梵志出家因緣,/proxy/namo_mp3/yuan_series/vol14/vol14_talk07.mp3
202,第 十 四 輯,賣持齋功德果報,/proxy/namo_mp3/yuan_series/vol14/vol14_talk08.mp3
203,第 十 四 輯,一句菩薩號驅鬼,/proxy/namo_mp3/yuan_series/vol14/vol14_talk09.mp3
204,第 十 四 輯,萬惡淫為首,/proxy/namo_mp3/yuan_series/vol14/vol14_talk10.mp3
205,第 十 四 輯,金財比丘現生果報,/proxy/namo_mp3/yuan_series/vol14/vol14_talk11.mp3
206,第 十 四 輯,地獄報應實錄,/proxy/namo_mp3/yuan_series/vol14/vol14_talk12.mp3
207,第 十 四 輯,文益禪師詩偈《看牡丹》,/proxy/namo_mp3/yuan_series/vol14/vol14_talk13.mp3
208,第 十 四 輯,明․方孝儒祖先因果報應故事,/proxy/namo_mp3/yuan_series/vol14/vol14_talk14.mp3
209,第 十 四 輯,兩兄弟不同果報,/proxy/namo_mp3/yuan_series/vol14/vol14_talk15.mp3
210,第 十 五 輯,佛身充滿於法界,/proxy/namo_mp3/yuan_series/vol15/vol15_talk01.mp3
211,第 十 五 輯,唐․白居易詩《靈岩寺》,/proxy/namo_mp3/yuan_series/vol15/vol15_talk02.mp3
212,第 十 五 輯,素食比肉食好，唐․父殺羊女故事,/proxy/namo_mp3/yuan_series/vol15/vol15_talk03.mp3
213,第 十 五 輯,過去七佛、千佛、五方佛,/proxy/namo_mp3/yuan_series/vol15/vol15_talk04.mp3
214,第 十 五 輯,觀世音菩薩(一),/proxy/namo_mp3/yuan_series/vol15/vol15_talk05.mp3
215,第 十 五 輯,觀世音菩薩(二),/proxy/namo_mp3/yuan_series/vol15/vol15_talk06.mp3
216,第 十 五 輯,唐․白居易詩《大林寺桃花》《白雲泉》,/proxy/namo_mp3/yuan_series/vol15/vol15_talk07.mp3
217,第 十 五 輯,文殊師利菩薩,/proxy/namo_mp3/yuan_series/vol15/vol15_talk08.mp3
218,第 十 五 輯,唐․懷濬詩兩首,/proxy/namo_mp3/yuan_series/vol15/vol15_talk09.mp3
219,第 十 五 輯,蘇軾豁達樂天,/proxy/namo_mp3/yuan_series/vol15/vol15_talk10.mp3
220,第 十 五 輯,折像富翁善行,/proxy/namo_mp3/yuan_series/vol15/vol15_talk11.mp3
221,第 十 五 輯,戒殺放生故事兩則,/proxy/namo_mp3/yuan_series/vol15/vol15_talk12.mp3
222,第 十 五 輯,香港源慧法師詩《雪泥留爪》,/proxy/namo_mp3/yuan_series/vol15/vol15_talk13.mp3
223,第 十 五 輯,石崇,/proxy/namo_mp3/yuan_series/vol15/vol15_talk14.mp3
224,第 十 五 輯,修心補相故事兩則: 鄧通、諍臣裴度,/proxy/namo_mp3/yuan_series/vol15/vol15_talk15.mp3
225,第 十 六 輯,黃龍三關,/proxy/namo_mp3/yuan_series/vol16/vol16_talk01.mp3
226,第 十 六 輯,戒淫故事，隋․周伯順,/proxy/namo_mp3/yuan_series/vol16/vol16_talk02.mp3
227,第 十 六 輯,詩與禪，宋․吳可《學詩詩》,/proxy/namo_mp3/yuan_series/vol16/vol16_talk03.mp3
228,第 十 六 輯,戒殺放生,/proxy/namo_mp3/yuan_series/vol16/vol16_talk04.mp3
229,第 十 六 輯,害人終害己，元配夫人害小妾故事,/proxy/namo_mp3/yuan_series/vol16/vol16_talk05.mp3
230,第 十 六 輯,戒殺放生感應故事，老鱉控告趙富翁,/proxy/namo_mp3/yuan_series/vol16/vol16_talk06.mp3
231,第 十 六 輯,一牛於一日內殺害三人,/proxy/namo_mp3/yuan_series/vol16/vol16_talk07.mp3
232,第 十 六 輯,源慧法師詩,/proxy/namo_mp3/yuan_series/vol16/vol16_talk08.mp3
233,第 十 六 輯,迦旃延尊者救貧窮婦,/proxy/namo_mp3/yuan_series/vol16/vol16_talk09.mp3
234,第 十 六 輯,目犍蓮尊者解答餓鬼問題,/proxy/namo_mp3/yuan_series/vol16/vol16_talk10.mp3
235,第 十 六 輯,紅葉奇緣,/proxy/namo_mp3/yuan_series/vol16/vol16_talk11.mp3
236,第 十 六 輯,無緣不成夫妻,/proxy/namo_mp3/yuan_series/vol16/vol16_talk12.mp3
237,第 十 六 輯,唐․宋之問《渡漢江》,/proxy/namo_mp3/yuan_series/vol16/vol16_talk13.mp3
238,第 十 六 輯,黃山谷前世係女子,/proxy/namo_mp3/yuan_series/vol16/vol16_talk14.mp3
239,第 十 六 輯,趙州和尚禪機開示,/proxy/namo_mp3/yuan_series/vol16/vol16_talk15.mp3
240,第 十 七 輯,東晉․陶淵明田園詩,/proxy/namo_mp3/yuan_series/vol17/vol17_talk01.mp3
241,第 十 七 輯,戒殺放生故事,/proxy/namo_mp3/yuan_series/vol17/vol17_talk02.mp3
242,第 十 七 輯,近代輪迴事實數則,/proxy/namo_mp3/yuan_series/vol17/vol17_talk03.mp3
243,第 十 七 輯,戒殺放生故事,/proxy/namo_mp3/yuan_series/vol17/vol17_talk04.mp3
244,第 十 七 輯,南北朝․陶弘景詩,/proxy/namo_mp3/yuan_series/vol17/vol17_talk05.mp3
245,第 十 七 輯,因緣果報,/proxy/namo_mp3/yuan_series/vol17/vol17_talk06.mp3
246,第 十 七 輯,暮鼓晨鐘,/proxy/namo_mp3/yuan_series/vol17/vol17_talk07.mp3
247,第 十 七 輯,為何要持素,/proxy/namo_mp3/yuan_series/vol17/vol17_talk08.mp3
248,第 十 七 輯,五常與五戒,/proxy/namo_mp3/yuan_series/vol17/vol17_talk09.mp3
249,第 十 七 輯,泰國猴子的執著,/proxy/namo_mp3/yuan_series/vol17/vol17_talk10.mp3
250,第 十 七 輯,一任清風送白雲,/proxy/namo_mp3/yuan_series/vol17/vol17_talk11.mp3
251,第 十 七 輯,凡夫打白骨，天人拜白骨,/proxy/namo_mp3/yuan_series/vol17/vol17_talk12.mp3
252,第 十 七 輯,北宋․曹翰屠城報應,/proxy/namo_mp3/yuan_series/vol17/vol17_talk13.mp3
253,第 十 七 輯,唐․張旭詩《山中留客》,/proxy/namo_mp3/yuan_series/vol17/vol17_talk14.mp3
254,第 十 七 輯,摩登女因愛阿難受佛陀化度,/proxy/namo_mp3/yuan_series/vol17/vol17_talk15.mp3
255,第 十 八 輯,時空觀,/proxy/namo_mp3/yuan_series/vol18/vol18_talk01.mp3
256,第 十 八 輯,《往生咒》梵音讀誦,/proxy/namo_mp3/yuan_series/vol18/vol18_talk02.mp3
257,第 十 八 輯,唐․李商隱詩《無題》,/proxy/namo_mp3/yuan_series/vol18/vol18_talk03.mp3
258,第 十 八 輯,食存五觀,/proxy/namo_mp3/yuan_series/vol18/vol18_talk04.mp3
259,第 十 八 輯,戒殺放生故事兩則,/proxy/namo_mp3/yuan_series/vol18/vol18_talk05.mp3
260,第 十 八 輯,明朝太監魏忠賢，清朝太監寇連材,/proxy/namo_mp3/yuan_series/vol18/vol18_talk06.mp3
261,第 十 八 輯,平常心是道(一),/proxy/namo_mp3/yuan_series/vol18/vol18_talk07.mp3
262,第 十 八 輯,平常心是道(二),/proxy/namo_mp3/yuan_series/vol18/vol18_talk08.mp3
263,第 十 八 輯,因果報應 -- 水銀秤的秘密,/proxy/namo_mp3/yuan_series/vol18/vol18_talk09.mp3
264,第 十 八 輯,客塵煩惱,/proxy/namo_mp3/yuan_series/vol18/vol18_talk10.mp3
265,第 十 八 輯,觀自在菩薩,/proxy/namo_mp3/yuan_series/vol18/vol18_talk11.mp3
266,第 十 八 輯,玄奘法師,/proxy/namo_mp3/yuan_series/vol18/vol18_talk12.mp3
267,第 十 八 輯,佛教是宗教還是哲學? (一),/proxy/namo_mp3/yuan_series/vol18/vol18_talk13.mp3
268,第 十 八 輯,佛教是宗教還是哲學? (二),/proxy/namo_mp3/yuan_series/vol18/vol18_talk14.mp3
269,第 十 八 輯,行善延年,/proxy/namo_mp3/yuan_series/vol18/vol18_talk15.mp3
270,第 十 九 輯,五停心觀,/proxy/namo_mp3/yuan_series/vol19/vol19_talk01.mp3
271,第 十 九 輯,貧女施燈,/proxy/namo_mp3/yuan_series/vol19/vol19_talk02.mp3
272,第 十 九 輯,戒殺放生,/proxy/namo_mp3/yuan_series/vol19/vol19_talk03.mp3
273,第 十 九 輯,大悲咒 (一),/proxy/namo_mp3/yuan_series/vol19/vol19_talk04.mp3
274,第 十 九 輯,大悲咒 (二),/proxy/namo_mp3/yuan_series/vol19/vol19_talk05.mp3
275,第 十 九 輯,大悲咒 (三),/proxy/namo_mp3/yuan_series/vol19/vol19_talk06.mp3
276,第 十 九 輯,大悲咒 (四),/proxy/namo_mp3/yuan_series/vol19/vol19_talk07.mp3
277,第 十 九 輯,大悲咒 (五),/proxy/namo_mp3/yuan_series/vol19/vol19_talk08.mp3
278,第 十 九 輯,佛五德,/proxy/namo_mp3/yuan_series/vol19/vol19_talk09.mp3
279,第 十 九 輯,真如與無明,/proxy/namo_mp3/yuan_series/vol19/vol19_talk10.mp3
280,第 十 九 輯,人必須有清閒心,/proxy/namo_mp3/yuan_series/vol19/vol19_talk11.mp3
281,第 十 九 輯,世界的形成,/proxy/namo_mp3/yuan_series/vol19/vol19_talk12.mp3
282,第 十 九 輯,真正的快樂,/proxy/namo_mp3/yuan_series/vol19/vol19_talk13.mp3
283,第 十 九 輯,不向逆境低頭 (一),/proxy/namo_mp3/yuan_series/vol19/vol19_talk14.mp3
284,第 十 九 輯,不向逆境低頭 (二),/proxy/namo_mp3/yuan_series/vol19/vol19_talk15.mp3
285,第 二 十 輯,地藏菩薩詩偈,/proxy/namo_mp3/yuan_series/vol20/vol20_talk01.mp3
286,第 二 十 輯,同年月日生命運不同故事,/proxy/namo_mp3/yuan_series/vol20/vol20_talk02.mp3
287,第 二 十 輯,禪詩《煙寺晚鐘》《辛夷塢》,/proxy/namo_mp3/yuan_series/vol20/vol20_talk03.mp3
288,第 二 十 輯,孟蘭節,/proxy/namo_mp3/yuan_series/vol20/vol20_talk04.mp3
289,第 二 十 輯,佛門四眾弟子,/proxy/namo_mp3/yuan_series/vol20/vol20_talk05.mp3
290,第 二 十 輯,詩的「閒」與「寂」,/proxy/namo_mp3/yuan_series/vol20/vol20_talk06.mp3
291,第 二 十 輯,蛇魂附人身因果報應故事,/proxy/namo_mp3/yuan_series/vol20/vol20_talk07.mp3
292,第 二 十 輯,做人必須精進努力,/proxy/namo_mp3/yuan_series/vol20/vol20_talk08.mp3
293,第 二 十 輯,江神求超度,/proxy/namo_mp3/yuan_series/vol20/vol20_talk09.mp3
294,第 二 十 輯,畜牲有無靈性?,/proxy/namo_mp3/yuan_series/vol20/vol20_talk10.mp3
295,第 二 十 輯,八指頭陀,/proxy/namo_mp3/yuan_series/vol20/vol20_talk11.mp3
296,第 二 十 輯,忍辱柔和是妙方,/proxy/namo_mp3/yuan_series/vol20/vol20_talk12.mp3
297,第 二 十 輯,淺談鬼道,/proxy/namo_mp3/yuan_series/vol20/vol20_talk13.mp3
298,第 二 十 輯,因果報應兩則,/proxy/namo_mp3/yuan_series/vol20/vol20_talk14.mp3
299,第 二 十 輯,七情六慾,/proxy/namo_mp3/yuan_series/vol20/vol20_talk15.mp3
300,第 廿 一 輯,白雲深處老僧多,/proxy/namo_mp3/yuan_series/vol21/vol21_talk01.mp3
301,第 廿 一 輯,淺談《地藏菩薩本願經》(一),/proxy/namo_mp3/yuan_series/vol21/vol21_talk02.mp3
302,第 廿 一 輯,淺談《地藏菩薩本願經》(二),/proxy/namo_mp3/yuan_series/vol21/vol21_talk03.mp3
303,第 廿 一 輯,淺談《地藏菩薩本願經》(三),/proxy/namo_mp3/yuan_series/vol21/vol21_talk04.mp3
304,第 廿 一 輯,淺談《地藏菩薩本願經》(四),/proxy/namo_mp3/yuan_series/vol21/vol21_talk05.mp3
305,第 廿 一 輯,淺談《地藏菩薩本願經》(五),/proxy/namo_mp3/yuan_series/vol21/vol21_talk06.mp3
306,第 廿 一 輯,天龍八部 (一),/proxy/namo_mp3/yuan_series/vol21/vol21_talk07.mp3
307,第 廿 一 輯,天龍八部 (二),/proxy/namo_mp3/yuan_series/vol21/vol21_talk08.mp3
308,第 廿 一 輯,五時說法,/proxy/namo_mp3/yuan_series/vol21/vol21_talk09.mp3
309,第 廿 一 輯,三藏十二部經,/proxy/namo_mp3/yuan_series/vol21/vol21_talk10.mp3
310,第 廿 一 輯,畜道的靈性,/proxy/namo_mp3/yuan_series/vol21/vol21_talk11.mp3
311,第 廿 一 輯,忍,/proxy/namo_mp3/yuan_series/vol21/vol21_talk12.mp3
312,第 廿 一 輯,因果報應,/proxy/namo_mp3/yuan_series/vol21/vol21_talk13.mp3
313,第 廿 一 輯,清․舐犢情深,/proxy/namo_mp3/yuan_series/vol21/vol21_talk14.mp3
314,第 廿 一 輯,元․雪峰禪師詩,/proxy/namo_mp3/yuan_series/vol21/vol21_talk15.mp3
315,第 廿 二 輯,序,/proxy/namo_mp3/yuan_series/vol22/vol22_talk01.mp3
316,第 廿 二 輯,念佛的緣由,/proxy/namo_mp3/yuan_series/vol22/vol22_talk02.mp3
317,第 廿 二 輯,三苦,/proxy/namo_mp3/yuan_series/vol22/vol22_talk03.mp3
318,第 廿 二 輯,八苦之 (生、老、病、死),/proxy/namo_mp3/yuan_series/vol22/vol22_talk04.mp3
319,第 廿 二 輯,八苦之 (愛別離、求不得、怨僧會、五藏熾盛苦),/proxy/namo_mp3/yuan_series/vol22/vol22_talk05.mp3
320,第 廿 二 輯,末法時期的易修法門,/proxy/namo_mp3/yuan_series/vol22/vol22_talk06.mp3
321,第 廿 二 輯,簡述以自力修行的困難情況,/proxy/namo_mp3/yuan_series/vol22/vol22_talk07.mp3
322,第 廿 二 輯,高僧大德的選擇,/proxy/namo_mp3/yuan_series/vol22/vol22_talk08.mp3
323,第 廿 二 輯,易行道念佛法門,/proxy/namo_mp3/yuan_series/vol22/vol22_talk09.mp3
324,第 廿 二 輯,念佛方法十二種,/proxy/namo_mp3/yuan_series/vol22/vol22_talk10.mp3
325,第 廿 二 輯,高聲念、默念、金剛念、覺照念,/proxy/namo_mp3/yuan_series/vol22/vol22_talk11.mp3
326,第 廿 二 輯,觀想念、追頂念、禮拜念、記十念,/proxy/namo_mp3/yuan_series/vol22/vol22_talk12.mp3
327,第 廿 二 輯,十口氣念、定課念、四威儀中皆念、念不念皆念,/proxy/namo_mp3/yuan_series/vol22/vol22_talk13.mp3
328,第 廿 二 輯,信願行必須俱足,/proxy/namo_mp3/yuan_series/vol22/vol22_talk14.mp3
329,第 廿 二 輯,結語及回向,/proxy/namo_mp3/yuan_series/vol22/vol22_talk15.mp3
330,第 廿 三 輯,寒居士參觀屠牛記,/proxy/namo_mp3/yuan_series/vol23/vol23_talk01.mp3
331,第 廿 三 輯,四聖諦,/proxy/namo_mp3/yuan_series/vol23/vol23_talk02.mp3
332,第 廿 三 輯,東晉․程道惠地獄遊記,/proxy/namo_mp3/yuan_series/vol23/vol23_talk03.mp3
333,第 廿 三 輯,照見五蘊皆空,/proxy/namo_mp3/yuan_series/vol23/vol23_talk04.mp3
334,第 廿 三 輯,因果輪迴實錄:「豬蹄手的人」,/proxy/namo_mp3/yuan_series/vol23/vol23_talk05.mp3
335,第 廿 三 輯,色不異空，空不異色，色即是空，空即是色。,/proxy/namo_mp3/yuan_series/vol23/vol23_talk06.mp3
336,第 廿 三 輯,金剛經簡介,/proxy/namo_mp3/yuan_series/vol23/vol23_talk07.mp3
337,第 廿 三 輯,北宋․兩元:張商英,/proxy/namo_mp3/yuan_series/vol23/vol23_talk08.mp3
338,第 廿 三 輯,發心,/proxy/namo_mp3/yuan_series/vol23/vol23_talk09.mp3
339,第 廿 三 輯,佛說譬喻經:「小女孩口吐妙香，衣履寶衣」,/proxy/namo_mp3/yuan_series/vol23/vol23_talk10.mp3
340,第 廿 三 輯,三槐堂的善報,/proxy/namo_mp3/yuan_series/vol23/vol23_talk11.mp3
341,第 廿 三 輯,戒殺放生故事兩則,/proxy/namo_mp3/yuan_series/vol23/vol23_talk12.mp3
342,第 廿 三 輯,宋․歐陽修詞《生查子》,/proxy/namo_mp3/yuan_series/vol23/vol23_talk13.mp3
343,第 廿 三 輯,七姊妹道:石縫春夢,/proxy/namo_mp3/yuan_series/vol23/vol23_talk14.mp3
344,第 廿 三 輯,宋․曹彬與曹翰,/proxy/namo_mp3/yuan_series/vol23/vol23_talk15.mp3
345,第 廿 四 輯,業力,/proxy/namo_mp3/yuan_series/vol24/vol24_talk01.mp3
346,第 廿 四 輯,鬼魂活捉仇家,/proxy/namo_mp3/yuan_series/vol24/vol24_talk02.mp3
347,第 廿 四 輯,秋風落葉滿空山,/proxy/namo_mp3/yuan_series/vol24/vol24_talk03.mp3
348,第 廿 四 輯,對命運的看法,/proxy/namo_mp3/yuan_series/vol24/vol24_talk04.mp3
349,第 廿 四 輯,戒殺放生可延壽,/proxy/namo_mp3/yuan_series/vol24/vol24_talk05.mp3
350,第 廿 四 輯,緣起性空,/proxy/namo_mp3/yuan_series/vol24/vol24_talk06.mp3
351,第 廿 四 輯,宋․范仲淹為母超度,/proxy/namo_mp3/yuan_series/vol24/vol24_talk07.mp3
352,第 廿 四 輯,真空不礙妙有,/proxy/namo_mp3/yuan_series/vol24/vol24_talk08.mp3
353,第 廿 四 輯,宋․蘇軾《水調歌頭》,/proxy/namo_mp3/yuan_series/vol24/vol24_talk09.mp3
354,第 廿 四 輯,八正道,/proxy/namo_mp3/yuan_series/vol24/vol24_talk10.mp3
355,第 廿 四 輯,明․憨山大師《勸世詠》,/proxy/namo_mp3/yuan_series/vol24/vol24_talk11.mp3
356,第 廿 四 輯,滾滾長江東逝水,/proxy/namo_mp3/yuan_series/vol24/vol24_talk12.mp3
357,第 廿 四 輯,金剛經持驗錄,/proxy/namo_mp3/yuan_series/vol24/vol24_talk13.mp3
358,第 廿 四 輯,明․唐伯虎詩,/proxy/namo_mp3/yuan_series/vol24/vol24_talk14.mp3
359,第 廿 四 輯,菜根譚一則,/proxy/namo_mp3/yuan_series/vol24/vol24_talk15.mp3
360,第 廿 五 輯,金剛經持驗錄,/proxy/namo_mp3/yuan_series/vol25/vol25_talk01.mp3
361,第 廿 五 輯,佛陀化度兩兄弟,/proxy/namo_mp3/yuan_series/vol25/vol25_talk02.mp3
362,第 廿 五 輯,般若波羅密多心經,/proxy/namo_mp3/yuan_series/vol25/vol25_talk03.mp3
363,第 廿 五 輯,人生如夢,/proxy/namo_mp3/yuan_series/vol25/vol25_talk04.mp3
364,第 廿 五 輯,沙彌救蟻增壽,/proxy/namo_mp3/yuan_series/vol25/vol25_talk05.mp3
365,第 廿 五 輯,饑來喫飯倦來眠,/proxy/namo_mp3/yuan_series/vol25/vol25_talk06.mp3
366,第 廿 五 輯,佛陀化度白狗故事,/proxy/namo_mp3/yuan_series/vol25/vol25_talk07.mp3
367,第 廿 五 輯,蘇東坡《琴詩》,/proxy/namo_mp3/yuan_series/vol25/vol25_talk08.mp3
368,第 廿 五 輯,正確的人生觀,/proxy/namo_mp3/yuan_series/vol25/vol25_talk09.mp3
369,第 廿 五 輯,佛教徒一定要食素嗎?,/proxy/namo_mp3/yuan_series/vol25/vol25_talk10.mp3
370,第 廿 五 輯,堅僧與賢王對答錄,/proxy/namo_mp3/yuan_series/vol25/vol25_talk11.mp3
371,第 廿 五 輯,愛情,/proxy/namo_mp3/yuan_series/vol25/vol25_talk12.mp3
372,第 廿 五 輯,略述地藏法門 (一),/proxy/namo_mp3/yuan_series/vol25/vol25_talk13.mp3
373,第 廿 五 輯,略述地藏法門 (二),/proxy/namo_mp3/yuan_series/vol25/vol25_talk14.mp3
374,第 廿 五 輯,略述地藏法門 (三),/proxy/namo_mp3/yuan_series/vol25/vol25_talk15.mp3
375,第 廿 六 輯,世界上有沒有菩薩?,/proxy/namo_mp3/yuan_series/vol26/vol26_talk01.mp3
376,第 廿 六 輯,閻羅王簡介,/proxy/namo_mp3/yuan_series/vol26/vol26_talk02.mp3
377,第 廿 六 輯,念地藏菩薩,/proxy/namo_mp3/yuan_series/vol26/vol26_talk03.mp3
378,第 廿 六 輯,恕憎會苦,/proxy/namo_mp3/yuan_series/vol26/vol26_talk04.mp3
379,第 廿 六 輯,義猴的靈性,/proxy/namo_mp3/yuan_series/vol26/vol26_talk05.mp3
380,第 廿 六 輯,瘟疫的因果,/proxy/namo_mp3/yuan_series/vol26/vol26_talk06.mp3
381,第 廿 六 輯,貪慾遺害社會,/proxy/namo_mp3/yuan_series/vol26/vol26_talk07.mp3
382,第 廿 六 輯,痛苦與快樂,/proxy/namo_mp3/yuan_series/vol26/vol26_talk08.mp3
383,第 廿 六 輯,富不過三代,/proxy/namo_mp3/yuan_series/vol26/vol26_talk09.mp3
384,第 廿 六 輯,明˙俞秀才遇灶神記,/proxy/namo_mp3/yuan_series/vol26/vol26_talk10.mp3
385,第 廿 六 輯,疾疫仍共業所招,/proxy/namo_mp3/yuan_series/vol26/vol26_talk11.mp3
386,第 廿 六 輯,什麼叫修行?,/proxy/namo_mp3/yuan_series/vol26/vol26_talk12.mp3
387,第 廿 六 輯,姚克見鬼(易君左記錄),/proxy/namo_mp3/yuan_series/vol26/vol26_talk13.mp3
388,第 廿 六 輯,自私的現報,/proxy/namo_mp3/yuan_series/vol26/vol26_talk14.mp3
389,第 廿 六 輯,我執,/proxy/namo_mp3/yuan_series/vol26/vol26_talk15.mp3
390,第 廿 七 輯,自殺的後果,/proxy/namo_mp3/yuan_series/vol27/vol27_talk01.mp3
391,第 廿 七 輯,《百喻經》故事:雙胞男嬰的福德 ,/proxy/namo_mp3/yuan_series/vol27/vol27_talk02.mp3
392,第 廿 七 輯,清●紀曉嵐《閱微草堂筆記》縊鬼的剖白,/proxy/namo_mp3/yuan_series/vol27/vol27_talk03.mp3
393,第 廿 七 輯,八正道(一) ,/proxy/namo_mp3/yuan_series/vol27/vol27_talk04.mp3
394,第 廿 七 輯,八正道(二) ,/proxy/namo_mp3/yuan_series/vol27/vol27_talk05.mp3
395,第 廿 七 輯,萬惡黃金,/proxy/namo_mp3/yuan_series/vol27/vol27_talk06.mp3
396,第 廿 七 輯,安心法門(一) ,/proxy/namo_mp3/yuan_series/vol27/vol27_talk07.mp3
397,第 廿 七 輯,安心法門(二) ,/proxy/namo_mp3/yuan_series/vol27/vol27_talk08.mp3
398,第 廿 七 輯,「掃塵除垢」的周利槃陀伽,/proxy/namo_mp3/yuan_series/vol27/vol27_talk09.mp3
399,第 廿 七 輯,開悟於大自然中 ,/proxy/namo_mp3/yuan_series/vol27/vol27_talk10.mp3
400,第 廿 七 輯,人間有味是清歡 ,/proxy/namo_mp3/yuan_series/vol27/vol27_talk11.mp3
401,第 廿 七 輯,老人投生為羊,/proxy/namo_mp3/yuan_series/vol27/vol27_talk12.mp3
402,第 廿 七 輯,知足少欲,/proxy/namo_mp3/yuan_series/vol27/vol27_talk13.mp3
403,第 廿 七 輯,四念處(一) ,/proxy/namo_mp3/yuan_series/vol27/vol27_talk14.mp3
404,第 廿 七 輯,四念處(二),/proxy/namo_mp3/yuan_series/vol27/vol27_talk15.mp3
405,第 廿 八 輯,毒箭喻,/proxy/namo_mp3/yuan_series/vol28/vol28_talk01.mp3
406,第 廿 八 輯,福慧要雙修,/proxy/namo_mp3/yuan_series/vol28/vol28_talk02.mp3
407,第 廿 八 輯,飲酒的害處,/proxy/namo_mp3/yuan_series/vol28/vol28_talk03.mp3
408,第 廿 八 輯,陰陽眼(一),/proxy/namo_mp3/yuan_series/vol28/vol28_talk04.mp3
409,第 廿 八 輯,陰陽眼(二) ,/proxy/namo_mp3/yuan_series/vol28/vol28_talk05.mp3
410,第 廿 八 輯,陰陽眼(三),/proxy/namo_mp3/yuan_series/vol28/vol28_talk06.mp3
411,第 廿 八 輯,漫談命運(一),/proxy/namo_mp3/yuan_series/vol28/vol28_talk07.mp3
412,第 廿 八 輯,漫談命運(二),/proxy/namo_mp3/yuan_series/vol28/vol28_talk08.mp3
413,第 廿 八 輯,淺談本體,/proxy/namo_mp3/yuan_series/vol28/vol28_talk09.mp3
414,第 廿 八 輯,四大皆空,/proxy/namo_mp3/yuan_series/vol28/vol28_talk10.mp3
415,第 廿 八 輯,《那先比丘經》,/proxy/namo_mp3/yuan_series/vol28/vol28_talk11.mp3
416,第 廿 八 輯,精進波羅密,/proxy/namo_mp3/yuan_series/vol28/vol28_talk12.mp3
417,第 廿 八 輯,人成即佛成,/proxy/namo_mp3/yuan_series/vol28/vol28_talk13.mp3
418,第 廿 八 輯,善和比丘隨喜功德的果報,/proxy/namo_mp3/yuan_series/vol28/vol28_talk14.mp3
419,第 廿 八 輯,台灣嘉義地藏廟感應事蹟,/proxy/namo_mp3/yuan_series/vol28/vol28_talk15.mp3
420,第 廿 九 輯,再談「業力」,/proxy/namo_mp3/yuan_series/vol29/vol29_talk01.mp3
421,第 廿 九 輯,眾生的靈知覺性,/proxy/namo_mp3/yuan_series/vol29/vol29_talk02.mp3
422,第 廿 九 輯,宋˙王安石禪詩常有「閒」字,/proxy/namo_mp3/yuan_series/vol29/vol29_talk03.mp3
423,第 廿 九 輯,清˙汪道鼎《坐花誌果》一則:「救人延壽」,/proxy/namo_mp3/yuan_series/vol29/vol29_talk04.mp3
424,第 廿 九 輯,再談懺悔,/proxy/namo_mp3/yuan_series/vol29/vol29_talk05.mp3
425,第 廿 九 輯,愛別離苦,/proxy/namo_mp3/yuan_series/vol29/vol29_talk06.mp3
426,第 廿 九 輯,淺談生死,/proxy/namo_mp3/yuan_series/vol29/vol29_talk07.mp3
427,第 廿 九 輯,妙高禪師一念懺悔超越二十世,/proxy/namo_mp3/yuan_series/vol29/vol29_talk08.mp3
428,第 廿 九 輯,勿食眾生肉,/proxy/namo_mp3/yuan_series/vol29/vol29_talk09.mp3
429,第 廿 九 輯,華嚴經「三種世間」,/proxy/namo_mp3/yuan_series/vol29/vol29_talk10.mp3
430,第 廿 九 輯,懺悔要趁在生時《閱微草堂筆記》,/proxy/namo_mp3/yuan_series/vol29/vol29_talk11.mp3
431,第 廿 九 輯,怎樣去認知有沒有西方極樂世界,/proxy/namo_mp3/yuan_series/vol29/vol29_talk12.mp3
432,第 廿 九 輯,明心見性 ,/proxy/namo_mp3/yuan_series/vol29/vol29_talk13.mp3
433,第 廿 九 輯,信解行證(一) ,/proxy/namo_mp3/yuan_series/vol29/vol29_talk14.mp3
434,第 廿 九 輯,信解行證(二) ,/proxy/namo_mp3/yuan_series/vol29/vol29_talk15.mp3
435,第 三 十 輯,"人身難得,佛法難聞",/proxy/namo_mp3/yuan_series/vol30/vol30_talk01.mp3
436,第 三 十 輯,清˙紀曉嵐《閱微草堂筆記》:往生咒的力量,/proxy/namo_mp3/yuan_series/vol30/vol30_talk02.mp3
437,第 三 十 輯,漫談空義,/proxy/namo_mp3/yuan_series/vol30/vol30_talk03.mp3
438,第 三 十 輯,人的六根感覺是有限的,/proxy/namo_mp3/yuan_series/vol30/vol30_talk04.mp3
439,第 三 十 輯,準提咒的功德,/proxy/namo_mp3/yuan_series/vol30/vol30_talk05.mp3
440,第 三 十 輯,歐陽修詞《人生自是有情癡》,/proxy/namo_mp3/yuan_series/vol30/vol30_talk06.mp3
441,第 三 十 輯,歐陽修詞《浪淘沙》對無常的感慨,/proxy/namo_mp3/yuan_series/vol30/vol30_talk07.mp3
442,第 三 十 輯,懺悔,/proxy/namo_mp3/yuan_series/vol30/vol30_talk08.mp3
443,第 三 十 輯,印度九歲女童記憶前生故事,/proxy/namo_mp3/yuan_series/vol30/vol30_talk09.mp3
444,第 三 十 輯,死後神遊西方淨土與天界的故事兩則,/proxy/namo_mp3/yuan_series/vol30/vol30_talk10.mp3
445,第 三 十 輯,怎樣去改變命運?,/proxy/namo_mp3/yuan_series/vol30/vol30_talk11.mp3
446,第 三 十 輯,生死事大,/proxy/namo_mp3/yuan_series/vol30/vol30_talk12.mp3
447,第 三 十 輯,修心,/proxy/namo_mp3/yuan_series/vol30/vol30_talk13.mp3
448,第 三 十 輯,夢窗禪師忍辱,/proxy/namo_mp3/yuan_series/vol30/vol30_talk14.mp3
449,第 三 十 輯,放下我執,/proxy/namo_mp3/yuan_series/vol30/vol30_talk15.mp3
450,第 三 十 一 輯,世界上有沒有鬼? ,/proxy/namo_mp3/yuan_series/vol31/vol31_talk01.mp3
451,第 三 十 一 輯,人生譬喻 ,/proxy/namo_mp3/yuan_series/vol31/vol31_talk02.mp3
452,第 三 十 一 輯,無情說法,/proxy/namo_mp3/yuan_series/vol31/vol31_talk03.mp3
453,第 三 十 一 輯,印度戒賢論師惡報輕受,/proxy/namo_mp3/yuan_series/vol31/vol31_talk04.mp3
454,第 三 十 一 輯,諸惡勿作，眾善奉行，自淨其意，是諸佛教,/proxy/namo_mp3/yuan_series/vol31/vol31_talk05.mp3
455,第 三 十 一 輯,善有善報真人真事(一塊假銀元) ,/proxy/namo_mp3/yuan_series/vol31/vol31_talk06.mp3
456,第 三 十 一 輯,清˙紀曉嵐《閱微草堂筆記》故事一則,/proxy/namo_mp3/yuan_series/vol31/vol31_talk07.mp3
457,第 三 十 一 輯,莫輕小惡以為無罪,/proxy/namo_mp3/yuan_series/vol31/vol31_talk08.mp3
458,第 三 十 一 輯,"既然萬法皆空,為什麼尚有這樣的修行活動?",/proxy/namo_mp3/yuan_series/vol31/vol31_talk09.mp3
459,第 三 十 一 輯,為何世間有貧富貴賤等不同際遇?,/proxy/namo_mp3/yuan_series/vol31/vol31_talk10.mp3
460,第 三 十 一 輯,有不少人神佛不分,/proxy/namo_mp3/yuan_series/vol31/vol31_talk11.mp3
461,第 三 十 一 輯,大珠答道光所問,/proxy/namo_mp3/yuan_series/vol31/vol31_talk12.mp3
462,第 三 十 一 輯,怎樣處理破損佛菩薩像? ,/proxy/namo_mp3/yuan_series/vol31/vol31_talk13.mp3
463,第 三 十 一 輯,九華山地藏菩薩道場,/proxy/namo_mp3/yuan_series/vol31/vol31_talk14.mp3
464,第 三 十 一 輯,義猴殉主,/proxy/namo_mp3/yuan_series/vol31/vol31_talk15.mp3
465,第 三 十 二 輯,金地藏的詩情,/proxy/namo_mp3/yuan_series/vol32/vol32_talk01.mp3
466,第 三 十 二 輯,清˙汪道鼎《坐花誌果》故事一則:行善延壽,/proxy/namo_mp3/yuan_series/vol32/vol32_talk02.mp3
467,第 三 十 二 輯,方才乾坤,/proxy/namo_mp3/yuan_series/vol32/vol32_talk03.mp3
468,第 三 十 二 輯,清˙汪道鼎《坐花誌果》故事一則:誦經超度解冤,/proxy/namo_mp3/yuan_series/vol32/vol32_talk04.mp3
469,第 三 十 二 輯,秦˙李斯，三國˙曹操,/proxy/namo_mp3/yuan_series/vol32/vol32_talk05.mp3
470,第 三 十 二 輯,常住真心(一),/proxy/namo_mp3/yuan_series/vol32/vol32_talk06.mp3
471,第 三 十 二 輯,常住真心(二),/proxy/namo_mp3/yuan_series/vol32/vol32_talk07.mp3
472,第 三 十 二 輯,常住真心(三),/proxy/namo_mp3/yuan_series/vol32/vol32_talk08.mp3
473,第 三 十 二 輯,人生如花,/proxy/namo_mp3/yuan_series/vol32/vol32_talk09.mp3
474,第 三 十 二 輯,相士修福,/proxy/namo_mp3/yuan_series/vol32/vol32_talk10.mp3
475,第 三 十 二 輯,佛教與花有深厚因緣,/proxy/namo_mp3/yuan_series/vol32/vol32_talk11.mp3
476,第 三 十 二 輯,貓魂索命,/proxy/namo_mp3/yuan_series/vol32/vol32_talk12.mp3
477,第 三 十 二 輯,飛花落葉(一) ,/proxy/namo_mp3/yuan_series/vol32/vol32_talk13.mp3
478,第 三 十 二 輯,飛花落葉(二),/proxy/namo_mp3/yuan_series/vol32/vol32_talk14.mp3
479,第 三 十 二 輯,再講五戒,/proxy/namo_mp3/yuan_series/vol32/vol32_talk15.mp3
